Name,Description,Category
Arcane_Arena,"Arcane Arena is a fast-paced action game where players control magical beings in a battle royale-style setting. Each player can choose one of several unique characters with different abilities and playstyles. The objective is to be the last one standing by eliminating opponents and staying within a shrinking arena. The game features dynamic spellcasting mechanics, intense battles, and strategic positioning. Players can collect power-ups, discover hidden treasures, and unlock new characters as they progress.",Action_Game
Virtual_Ninja_Warrior,"Virtual Ninja Warrior is an action game where players take on the role of a skilled ninja tasked with completing challenging missions. Players will navigate through different levels, using stealth, agility, and combat skills to overcome obstacles, defeat enemies, and accomplish their objectives. The game features immersive graphics, smooth controls, and a variety of weapons and abilities to enhance the ninja",Action_Game
Mystic_Maze,"Mystic Maze is a 3D action game where players navigate through a maze filled with mystical creatures, obstacles, and puzzles. Players can choose from different characters with unique abilities and must use their skills to overcome challenges and reach the end of the maze. Along the way, they can collect power-ups and weapons to aid them in their quest. With immersive graphics and engaging gameplay, Mystic Maze offers an exciting and thrilling action gaming experience.",Action_Game
Board_Game_Strategy_Analyzer,"A software application that analyzes board game strategies based on historical game data. It provides statistical insights and recommendations to players, helping them improve their gameplay and decision-making skills. The software evaluates different strategies, tracks their success rates, and highlights key patterns and trends. It also offers interactive visualizations and comparison tools to help players understand the strengths and weaknesses of each strategy.",Board_Game
Board_Game_Puzzle_Solver,"A software application that helps players solve complex puzzles in board games by providing optimal moves and strategies. It analyzes the current state of the puzzle and takes into account various factors such as grid positions, available pieces, and desired end states. The solver algorithm calculates the best possible moves for each player, considering both short-term gains and long-term strategies. It provides step-by-step instructions and visualizations to guide players through the optimal solution.",Board_Game
Board_Game_Companion,"A software application that serves as a digital companion to traditional board games, offering features such as turn tracking, scorekeeping, rule references, and interactive player aids. It also includes a customizable timer for games that require it.",Board_Game
Smart_Budget,SmartBudget is a budgeting software application that helps individuals effectively manage their finances by providing intelligent spending recommendations.,Budgeting
SavingsTracker,"SavingsTracker is a budgeting software application that helps individuals effectively track and manage their savings goals. It provides an intuitive interface for users to input their income and expenses, categorize them, and set savings targets. The software offers visual representations of savings progress and generates reports to track savings habits. With SavingsTracker, users can make informed financial decisions and stay on track to achieve their savings goals.",Budgeting
ExpenseTracker,Track your expenses easily,Budgeting
Employee_Performance_Tracker,"Employee Performance Tracker is a business software application that allows businesses to track and evaluate the performance of their employees. It provides features for setting performance goals, conducting performance evaluations, and generating performance reports.",Business
Sales_Performance_Comparison,"Sales Performance Comparison is a business software application that allows businesses to compare their sales performance against industry benchmarks. It provides features for businesses to track their sales data, input industry average data, and generate reports that visually compare their sales performance metrics to industry standards.",Business
Business_Analytics,Business Analytics is a software application that provides essential data analysis and visualization tools to help businesses make informed decisions...,Business
Culture_Connections,"A software application that provides a platform to connect with people from different cultures worldwide, fostering cultural understanding and meaningful connections.",Culture
Cultural_Crafts,"Cultural Crafts is a software application that allows users to explore and learn about traditional crafts from different cultures around the world. Users can discover a wide range of crafts, such as pottery, weaving, origami, beadwork, and wood carving, from various countries and regions. The application provides step-by-step instructions, video tutorials, and information on the cultural significance of each craft. Users can also share their own craft creations and connect with other enthusiasts from different cultures.",Culture
Culture_Exchange,"A software platform connecting individuals from different cultures worldwide, fostering understanding and promoting cultural exchange.",Culture
Data_Correlator,"The Data Correlator is a software application that allows users to identify and analyze correlations between different variables in a dataset. It provides a user-friendly interface where users can import their dataset and select the variables they want to analyze. The software performs statistical computations to calculate correlation coefficients, such as Pearson correlation or Spearman correlation, and generates visualizations, such as scatter plots or correlation matrices, to depict the relationships between variables.",Data
Data_Correlation_Analyzer,"The Data Correlation Analyzer is a software application that allows users to analyze and identify correlations between different variables in a dataset. It provides users with statistical measures, such as correlation coefficients, to determine the strength and direction of the relationships between variables. Users can easily import their dataset and select the variables they want to analyze. The software generates visualizations, such as scatter plots or correlation matrices, to depict the correlations. This software helps users understand the interdependencies between variables and make data-driven decisions.",Data
Data_Analyzer,The Data Analyzer is a software application that provides users with the ability to analyze and visualize data sets of various sizes and formats...,Data
Code_Dependency_Viewer,"The Code Dependency Viewer software is a development tool that provides a visual representation of the dependencies between code modules and classes in a project. It analyzes the source code and generates a graphical representation of the dependencies, highlighting the relationships between different components. This allows developers to easily visualize the structure of their codebase and understand how changes in one module can impact others. The Code Dependency Viewer also provides features like filtering, searching, and zooming to navigate and explore the code hierarchy effectively.",Development
Development_Task_Planner,The Development Task Planner is a software application that helps development teams plan and organize their project tasks effectively...,Development
Error_Logger,"The Error Logger software is designed to keep track of errors and exceptions that occur during the development process. It provides a centralized platform where developers can log and categorize errors, making it easier to identify and fix bugs. The software allows users to add a timestamp, error message, and stack trace for each error, as well as assign it to a specific project or module. Additionally, it provides search and filter functionalities to quickly locate specific errors based on various criteria.",Development
Movie_Soundtrack_Creator,"This software allows users to create personalized soundtracks for their favorite movies by selecting and arranging songs categorized by genre, mood, and tempo. Users can also add sound effects and adjust volume levels. The software enables users to export the created soundtracks for personal or professional use.",Entertainment
Music_Playlist_Generator,"The Music Playlist Generator is a software application that allows users to easily create personalized music playlists based on their mood and genre preferences. Users can input their current mood (happy, sad, energetic, etc.) and select their preferred genre of music (pop, rock, hip-hop, etc.). The software then analyzes a vast database of songs and generates a customized playlist that matches the user",Entertainment
Movie_Recommendation,"This software provides personalized movie recommendations based on user preferences and viewing history. It analyzes genres, actors, directors, ratings to suggest similar movies. Users can create watchlists, rate movies, and save favorites. Recommendations can be filtered by release year, language, and runtime.",Entertainment
Time_Travel_Adventure,Time Travel Adventure is a software application that allows children to explore different time periods and learn about history through interactive storytelling and educational games.,Family_Kids
Family_Goal_Tracker,"FamilyGoalTracker is a software application that helps families set and track goals together, promoting teamwork and accomplishment. It allows users to create and assign goals, set deadlines, and track progress. The app provides visualizations and reminders to keep families motivated and accountable. Families can celebrate their achievements and learn from the challenges they face together.",Family_Kids
StoryTime_Companion,A software that enhances bedtime story reading by providing interactive animations and voice-over narration.,Family_Kids
Expense_Consolidator,"Expense Consolidator is a finance software application that helps users consolidate and analyze their expenses from different sources. Users can connect their bank accounts, credit cards, and other financial accounts to the application. The software will then automatically retrieve and categorize their expenses from these accounts into different categories such as food, transportation, utilities, etc. Users can view and analyze their consolidated expenses in a single dashboard, providing them with a comprehensive overview of their spending habits.",Finance
Financial_Scheduler,"Financial Scheduler is a finance software application that helps users schedule and plan their financial transactions. Users can input their recurring income and expenses, such as paychecks, bills, and subscriptions. The application will provide a clear calendar view of their financial schedule, allowing users to easily see when their income will be received and when their expenses are due. Additionally, the software will send notifications and reminders to users to ensure they stay on top of their financial obligations and avoid late payments.",Finance
Money_Tracker,"Money Tracker is a simple application that allows users to track their income and expenses. Users can input their income and expenses and categorize them into different categories such as food, transportation, entertainment, etc. The application will provide a visual representation of their spending habits through charts and graphs, allowing users to easily see where their money is going. Additionally, the application will provide budgeting tools to help users set and achieve their financial goals.",Finance
PixelArtify,"Convert any image into pixel art and customize the size of pixels, color palette, and apply different effects. Provides manual editing tools for refining pixel art creations.",Graphics
Shape_Transformer,"ShapeTransformer is a graphics software application that allows users to transform and manipulate geometric shapes. With ShapeTransformer, users can resize, rotate, skew, and distort shapes to create unique and visually appealing designs. The software provides a variety of transformation tools and options, including precise controls for adjusting transformation parameters. It also supports multiple shape types, such as rectangles, circles, polygons, and more. ShapeTransformer offers an intuitive user interface and real-time previews, making it easy for both professional designers and beginners to transform and manipulate shapes effectively.",Graphics
PaintPal,"PaintPal is a graphics software application that provides a simple and intuitive interface for digital painting and drawing. It includes a variety of brush tools, color palettes, and layer management features to help artists create stunning digital artwork. With PaintPal, users can easily adjust brush sizes, opacity, and blend modes to achieve the desired artistic effects. The software also allows for easy saving and exporting of artwork in various file formats, making it suitable for both professional artists and hobbyists.",Graphics
FitnessCoach,"FitnessCoach is a software application that provides personalized workout plans and coaching for users based on their specific fitness goals and preferences. The app includes a library of exercises with detailed instructions and demonstration videos. Users can input their fitness goals, current fitness level, available equipment, and preferred workout duration. FitnessCoach will then generate a customized workout plan that includes a variety of exercises targeting different muscle groups. The app also tracks and analyzes users",Health_Fitness
Health_Steps,HealthSteps is a software application that helps users track their daily step count and stay motivated to achieve their fitness goals. The app uses the built-in sensors of a user,Health_Fitness
Fitness_Tracker,"Build a fitness tracking app that helps users log their workouts, set goals, and track their progress towards their fitness targets.",Health_Fitness
Language_Mentor,Helps users improve language proficiency through practice exercises and personalized feedback.,Language
Language_Pronunciation_Analyzer,The Language Pronunciation Analyzer is a software application that assesses and analyzes an individual,Language
Language_Tutor,"Language Tutor is a software application that helps users improve their language skills through interactive exercises and personalized feedback. It provides a wide range of language learning resources, including grammar lessons, vocabulary exercises, and pronunciation practice. The software also offers mini quizzes and tests to assess the user",Language
TimeMaster,"TimeMaster is a management game software that allows players to simulate managing their time and tasks effectively. Players can create and organize their schedule, set goals, track progress, and implement strategies to optimize productivity. They can prioritize tasks, allocate time for different activities, set reminders, and receive feedback on their time management practices. The goal is to improve time management skills and achieve optimal productivity in both personal and professional life.",Management_Game
Hospital_Manager,Hospital Manager is a management game software that allows players to step into the role of a hospital administrator. Players are responsible for overseeing all aspects of the hospital,Management_Game
TeamBuilder,"TeamBuilder is a management game software that allows players to create and manage their own virtual sports teams. Players can scout for new talent, train their athletes, and develop strategies to compete against other virtual teams in simulated matches.",Management_Game
Medical_Diet_Planner,"A software application that helps users plan and track their dietary intake based on their medical condition and specific dietary requirements. Provides personalized meal plans, recipe suggestions, and nutritional information.",Medical
Medical_Records_Organizer,"A software application that helps healthcare providers and patients organize and manage their medical records digitally. It allows users to input and store all relevant medical information, including diagnoses, lab results, medication history, and treatment plans. Users can easily search and retrieve specific records when needed, reducing reliance on physical copies and improving efficiency in medical record management.",Medical
Medical_Info_Tracker,"A software application for tracking and managing medical information, including diagnoses, medications, treatments, and appointment reminders.",Medical
Lyric_Analyzer,"The Lyric Analyzer is a music software application that allows users to analyze the lyrics of songs. Users can input the lyrics of a song, and the software will analyze the content, structure, and sentiment of the lyrics. It provides users with detailed insights on the theme, word frequency, rhyme scheme, and emotional tone of the lyrics. Additionally, the Lyric Analyzer offers visualizations and charts to help users better understand the lyrics and make informed decisions for songwriting, analysis, or educational purposes.",Music
Music_Beatmaker,"Music Beatmaker is a software application that allows users to create their own beats and rhythm patterns. Users can select different drum sounds and arrange them in a sequence to create unique beats. The software provides a user-friendly interface with drag-and-drop functionality for easy beat creation. It also offers features like tempo adjustment, swing control, and quantization to fine-tune the beats. Music Beatmaker aims to empower musicians, producers, and music enthusiasts with a versatile tool for beat composition and production.",Music
Music_Playlist_Generator,Generate personalized playlists based on user preferences and music analysis. Export playlists to preferred music player.,Music
Headlinr,"Headlinr is a news software application that provides personalized news summaries. It uses natural language processing techniques to extract key information from news articles and generates concise summaries. Users can customize their news preferences, including topics and sources they are interested in. The software employs a ranking algorithm to prioritize the most relevant news based on user preferences. It also supports bookmarking and sharing features. Headlinr aims to provide a streamlined and personalized news browsing experience.",News
News_Scope,"News Scope is a news exploration application that allows users to search, browse, and discover news articles from various sources. It offers personalized recommendations, saving, and sharing features.",News
News_Discovery,"A software application that allows users to discover news articles from various sources, providing a user-friendly interface for searching, customization, and staying informed with the latest news.",News
NoteHub,"NoteHub is a notebook software application designed for software developers and coders. It provides a platform for developers to create, store, and organize their programming notes, snippets, and code examples. NoteHub offers syntax highlighting for various programming languages, a code editor with features like auto-indentation, code completion, and search functionality within notes. It also allows developers to group and categorize their notes based on topics or projects. NoteHub aims to simplify the process of managing and accessing coding resources and improve productivity for developers.",Notebook
Notebook_Sketchify,"Notebook Sketchify is a software application that allows users to create digital notebooks specifically designed for sketching, drawing, and annotating their ideas. Users can create new pages within the notebook and use a variety of drawing tools, such as pencils, brushes, and colors, to sketch or draw their concepts, designs, or illustrations. They can also annotate their sketches with text, add labels or tags for easy organization, and highlight important parts. Notebook Sketchify provides an intuitive and user-friendly interface for a seamless sketching experience.",Notebook
Notebook_Organizer,"Create a software application that allows users to create and manage digital notebooks. Users can organize notes, ideas, tasks, set reminders, and perform searches within the notebooks.",Notebook
Office_Stock_Manager,"A software that helps office administrators and managers keep track of stock levels and manage office supplies efficiently. Users can input details of various items like stationery, electronics, furniture, etc. The software provides features for adding new items, updating stock quantities, and setting reminders for restocking or replacing items. It also includes a search functionality to easily retrieve information about specific items in the office inventory.",Office
Office_Employee_Feedback,"Office Employee Feedback is a software application designed to collect and manage feedback from employees within an office. It provides a platform for employees to share their thoughts, suggestions, and concerns anonymously or openly. The software includes features such as feedback submission, categorization, and tracking. Managers and HR personnel can easily review, analyze, and respond to the feedback to improve the office environment and address employee concerns effectively.",Office
Office_Data_Analyzer,"Analyze and visualize data from various office applications, providing features for filtering, sorting, and creating custom charts and graphs. Export the analyzed data and visualizations in various formats.",Office
SmartRemind,SmartRemind is a personalization software that helps users manage and prioritize their daily tasks and appointments. It uses algorithms to analyze the user,Personalisation
Daily_Routine_Tracker,A personalization software application that helps users track and optimize their daily routines and habits. Users can input their routines and the software provides personalized recommendations for improvements to help users optimize their daily schedules. The software also offers features like progress tracking and reminders to help users stay consistent with their routines.,Personalisation
RecommendationMate,A software that recommends personalized movie recommendations based on user preferences and historical data.,Personalisation
Color_Harmonizer,The Color Harmonizer software is a simple yet powerful tool for generating color schemes from images...,Photo
Photo_Background_Pattern_Maker,"A software that allows users to create unique and personalized background patterns for their photos. Users can select an image as the base, choose from a variety of pattern styles, and customize the color, size, and opacity of the pattern. The software provides tools for positioning and repeating the pattern, as well as options for adding additional elements like shapes or textures. Once the background pattern is created, users can save it as a high-resolution image file to use in their designs or as a backdrop for their photos.",Photo
Photo_Sticker_Maker,"A software that allows users to create customized stickers using their own photos. Users can select an image, choose the desired shape and size of the sticker, and add text or decorative elements. The software provides easy-to-use tools for cropping, resizing, and adding effects to the photos. Once the sticker is created, users can save it as a transparent PNG file to use in messaging apps or social media platforms.",Photo
Color_Link_Puzzle,"Color Link Puzzle is a puzzle game where players have to connect adjacent blocks of the same color to clear them from the grid. The objective is to create links by dragging a line from one block to another of the same color, ensuring that the path between them is not blocked by other blocks. The game includes multiple levels with increasing difficulty, bonuses, and power-ups to enhance gameplay.",Puzzle_Game
Block_Slide_Escape,Block Slide Escape is a puzzle game where players have to escape from a maze by strategically sliding blocks horizontally or vertically. Navigate the player character to the exit tile by clearing a path with sliding blocks. The game includes multiple levels with increasing difficulty and obstacles to overcome. Save your progress and challenge your problem-solving skills in this addictive block sliding puzzle game.,Puzzle_Game
Word_Link_Puzzle,A puzzle game where players have to connect letters to form words.,Puzzle_Game
Breakneck_Racer,"Breakneck Racer is a racing game software that offers high-speed races on twisty and challenging tracks. Players can choose from a range of powerful and agile cars, each with its own unique handling and acceleration characteristics. The objective is to navigate through the track, avoiding obstacles and sharp turns, while maintaining top speed to outrun opponents. The game features realistic physics and stunning graphics, immersing players in an adrenaline-fueled racing experience.",Racing_Game
Street_Racers,"Street Racers is a racing game software that focuses on illegal street racing in urban environments. Players can choose from a variety of street racing cars and compete against AI opponents in thrilling races through city streets, highways, and back alleys. The main objective is to outmaneuver opponents, navigate through traffic, and reach the finish line first while avoiding capture by law enforcement. The game features realistic physics, intense gameplay, and stunning graphics to provide an adrenaline-fueled street racing experience.",Racing_Game
Racing_Challenge,"Racing Challenge is a simple racing game software that allows players to compete against each other in a thrilling race. Players can choose from different race tracks and vehicles, each with its own unique characteristics. The main objective is to complete the race in the shortest time possible by avoiding obstacles and strategically using boosters. The game features realistic physics and immersive graphics to enhance the gaming experience.",Racing_Game
BookWorm_Search,"BookWorm Search is a software application that helps users easily search for books in their personal libraries or online. It provides a simple and intuitive interface where users can enter the title, author, or keywords related to the book they are searching for. The software then displays matching results with relevant book details such as title, author, summary, and cover image. Users can click on a book to view more information and add it to their reading list. BookWorm Search aims to simplify the process of finding and accessing books.",Reference_Books
BookSearchPlus,"BookSearchPlus is a software application that provides users with the ability to search for books based on specific criteria such as title, author, genre, or keywords. The software offers a user-friendly interface where users can input their search criteria and view a list of matching books. Additional features include sorting options, book ratings and reviews, and the ability to save search results for future reference.",Reference_Books
Bookshelf_Manager,"Develop a software application that allows users to efficiently manage their personal book collections. Users can input book details, categorize books into custom-defined shelves, add personal notes and ratings, and generate reports on their book collection. The software provides search and filter functionalities for easy access to desired books.",Reference_Books
FoodHub,"FoodHub is a Restaurants&Delivery software application that allows users to discover and order food from a curated selection of popular restaurants. It provides a user-friendly interface where users can browse through a variety of restaurants, view their menu items, and place orders for pickup or delivery. FoodHub aims to provide convenience and speed by focusing on popular restaurants and dishes, ensuring a seamless and efficient user experience.",Restaurants_Delivery
QuickServe,"QuickServe is a Restaurants&Delivery software application that focuses on providing fast and convenient meal options for busy individuals. It offers a curated selection of pre-prepared meals from various local restaurants. Users can browse through the available dishes, select their desired meals, and place orders for pickup or delivery. QuickServe aims to streamline the ordering process by eliminating the need for extensive menu browsing and customization. It prioritizes speed and simplicity to cater to users who prefer ready-to-eat meals without the hassle of extensive decision-making.",Restaurants_Delivery
FoodBuddy,"A Restaurants&Delivery software application that allows users to discover and order food from nearby restaurants. It provides a user-friendly interface where users can browse through a variety of restaurants, view their menu items, and place orders for pickup or delivery. Features like order tracking, payment options, and customer reviews enhance the overall user experience.",Restaurants_Delivery
Quest_Companion,"A software application that assists role-playing game players in completing quests by providing step-by-step guidance and tracking their progress. It offers quest-specific tips, strategies, and objectives, helping players navigate through challenging quests. The application allows users to mark completed objectives, track their overall progress, and view detailed quest information. A user-friendly interface with customizable categories and tags ensures easy organization and accessibility of quests.",Role_Playing_Game
Game_Lore_Library,"A software application that allows role-playing game players to access and explore a comprehensive collection of game lore and world-building information. It provides detailed descriptions of characters, locations, factions, and historical events within the game world, enabling players to immerse themselves in the rich lore of the game.",Role_Playing_Game
Quest_Tracker,"A software application that helps role-playing game players keep track of their quests and objectives in the game. It allows users to add, update, and complete quests, as well as view their progress and rewards. The application provides a user-friendly interface with customizable categories and tags for easy organization. It also includes a reminder system to notify users of upcoming deadlines and events related to their quests.",Role_Playing_Game
TimeScheduler,"TimeScheduler is a schedule software application that combines task management and time blocking techniques to help users optimize their productivity and manage their time effectively. It allows users to create tasks, allocate specific time slots for each task, and set priorities. Users can also track their progress, receive reminders, and generate reports for productivity analysis. TimeScheduler offers a user-friendly interface and visual representation of the schedule, providing users with a clear overview of their day.",Schedule
TaskOrganizer,"TaskOrganizer is a schedule software application that aims to help individuals effectively organize and manage their tasks. Users can input their tasks, set priorities, allocate specific time slots, and track their progress. The software also offers reminders and notifications to keep users on track with their tasks. TaskOrganizer provides a visual representation of the schedule, allowing users to easily manage their tasks and optimize their time.",Schedule
TimeWise,"TimeWise is a schedule software application that helps individuals manage their time effectively. It allows users to create and organize tasks, set priorities, and allocate time for each task. Users can also track their progress, receive reminders, and generate reports to analyze their productivity.",Schedule
SimuChem,"SimuChem is a software application that simulates chemical reactions and predicts their outcomes based on the input of reactants and reaction conditions. It provides a visual representation of the reaction process, allowing users to manipulate reaction parameters and observe real-time changes in molecular structures and energy profiles. SimuChem incorporates basic principles of quantum mechanics and molecular dynamics to offer accurate and reliable results.",Science
Particle_Collider_Simulation,Simulate particle behavior in a collider to study and analyze various particle interactions.,Science
Science_Explorers,An interactive software to teach elementary school students about various scientific concepts through fun and engaging activities,Science
ThreatBlocker,"ThreatBlocker is a security software application that proactively blocks and prevents potential threats from infiltrating a system or network. It analyzes incoming network traffic, system processes, and file downloads to identify and block any suspicious or malicious activities. ThreatBlocker utilizes a robust set of predefined rules and algorithms to detect and neutralize threats before they can cause harm. It provides real-time notifications to users and automatically takes measures to safeguard the system",Security
SecureScan,"SecureScan is a security software application that provides comprehensive scanning and analysis of files and applications on a personal computer. It scans for potential security threats such as malware, ransomware, and suspicious files, and provides real-time alerts to the user. SecureScan also includes a file integrity checker that verifies the integrity of system files and alerts the user if any changes are detected. It offers both scheduled and on-demand scanning options, allowing users to ensure the security of their computer at their convenience.",Security
SecureGuard,"SecureGuard is a security software application that provides real-time monitoring and protection for personal computers, constantly scanning for malware, viruses, and unauthorized access attempts. It alerts the user and takes measures to neutralize threats. It includes a firewall and password manager to ensure data privacy and security.",Security
Sniper_Assassin,"Sniper Assassin is a shooter game where players take on the role of a skilled sniper on covert missions. Players must carefully aim and shoot high-value targets from long distances, avoiding detection and completing the objectives within a time limit. The game offers a variety of sniper rifles with different features, such as adjustable scopes and silenced shots, to enhance the sniper experience. Each mission presents unique challenges and requires strategic thinking to succeed.",Shooter_Game
Battlezone_Strike,"In Battlezone Strike, players engage in fast-paced tank battles in a virtual arena. Maneuver your tank strategically, outsmart opponents, and destroy enemy tanks. With different tank types and power-ups, customize your tank to suit your play style. Complete single-player missions with increasing difficulty or challenge others in multiplayer battles.",Shooter_Game
Zombie_Fortress,"A shooter game where players defend a fortress from waves of attacking zombies. The game includes various weapons, multiplayer mode, and upgrades to enhance the gameplay experience.",Shooter_Game
Smart_Receipt,"Smart Receipt is a software application that allows users to digitize and organize their receipts for easy access and management. Users can simply take a picture of their receipts or upload the digital receipt files, and the software will automatically extract relevant information such as date, merchant, and total amount. The software provides a searchable database of receipts, allowing users to quickly retrieve specific receipts when needed. Smart Receipt also includes features like expense tracking, report generation, and integration with budgeting apps.",Shopping
ShopSaver,"ShopSaver is a shopping software application that helps users save money by providing real-time price comparisons and discounts. It allows users to search for specific products and compares prices from different online retailers. ShopSaver also provides notifications for deals and discounts on selected products. Users can create a shopping list and the software will suggest budget-friendly alternatives for the items on the list. With ShopSaver, users can make informed purchasing decisions and maximize their savings potential.",Shopping
Smart_Shopper,"Smart Shopper helps users make informed purchasing decisions by providing real-time product comparisons, reviews, shopping list creation, and personalized suggestions.",Shopping
Wildlife_Sanctuary_Manager,"The Wildlife Sanctuary Manager is a simulation game software where players can build and manage their own virtual wildlife sanctuary. They will be responsible for creating habitats, selecting and managing different species of animals, maintaining the ecosystem balance, and ensuring the well-being and conservation of the wildlife population.",Simulation_Game
Rhythm_Dance_Studio,"Rhythm Dance Studio is a simulation game software where players can create and manage their own virtual dance studio. Players will be able to design and decorate the studio, hire dance instructors, and offer a variety of dance classes to attract students. They must manage the schedule, advertise their studio, and ensure the satisfaction of their students to build a successful dance business.",Simulation_Game
Space_Exploration_Simulator,"A space exploration simulator that allows players to build and upgrade spaceships, research technologies, and establish colonies on different planets. Engage in interstellar battles and negotiations while exploring a simulated universe with its own unique set of planets, civilizations, and resources.",Simulation_Game
SocialSkill,"SocialSkill is a social networking software application designed to help individuals improve their social skills and build meaningful relationships. The app provides interactive exercises and resources to enhance communication, empathy, active listening, and other key social skills. Users can track their progress, set goals, and receive personalized feedback to help them in their social development journey. The app also offers a community feature where users can connect with each other, share experiences, and support one another in their social skills growth.",SocialNetwork
SocialRecipe,"A social networking software application that connects individuals who are passionate about cooking and sharing recipes. Users can create profiles, browse through a collection of recipes shared by other users, save their favorite recipes, and share their own recipes with the community. The app allows users to search for recipes based on various criteria such as cuisine, dietary restrictions, or ingredients. They can also engage in discussions, ask questions, and provide feedback on recipes. SocialRecipe aims to create a community where users can connect, inspire, and learn from each other",SocialNetwork
ConnectionHub,"A social networking platform for professionals to connect, network, and collaborate. Users can create profiles, search for and connect with other professionals, join groups, share content, participate in discussions, and discover career opportunities.",SocialNetwork
Sport_Strategy_Planner,"A software application that helps coaches and team managers plan and strategize for various sports games. Users can input the specific sport they want to plan for, create and customize gameplays, and analyze different strategies. The software provides a user-friendly interface, allowing users to drag and drop players to specific positions on the field or court. Coaches can also add notes and annotations to each play, discussing specific tactics and player movements.",Sport_Game
SportGame_Training_Planner,"The SportGame Training Planner is a software application that helps athletes plan and organize their training sessions for various sports. Users can input their sport of choice, specific training goals, and available equipment. The software provides a personalized training plan with recommended exercises, sets, and reps. It also tracks and records training progress, generates reports to monitor performance, and offers guidance and tips on proper technique and injury prevention.",Sport_Game
Score_Keeper,"A software to keep track of scores and statistics for sports games. Users can input team names, update scores, and view real-time updates of the current scores and total time played. The software provides a user-friendly interface and does not require any complex features.",Sport_Game
Sports_Fitness_Tracker,"The Sports Fitness Tracker is a software application focused on helping users track their fitness progress in various sports activities. Users can manually input their workout details, including duration, intensity level, and type of exercise, or integrate with wearable devices for automatic tracking. The software includes a comprehensive database of sports activities, such as running, cycling, swimming, weightlifting, and yoga. Users can monitor their fitness goals, track performance metrics, and view personalized insights for each activity.",Sports
Sports_Event_Scheduler,"A software application that allows sports teams and organizations to easily schedule and manage their events. Users can create and modify event details such as date, time, location, and type of event (practice, game, tournament). The software provides a calendar view where users can visualize their scheduled events and easily make adjustments as needed. Users can also send automated notifications to team members regarding event details and changes.",Sports
SportsMatchFinder,"A software application that allows users to find local sports matches and events in their area. Users can search for specific sports, view upcoming matches, and connect with other participants.",Sports
Future_Empires,"Future Empires is a turn-based strategy game where players build and expand their own futuristic empires. Manage resources, research technologies, and engage in diplomacy, trade, and warfare to achieve dominance in a sci-fi world.",Strategy_Game
Strategic_Armada,"Strategic Armada is a strategy game software application that allows players to command their own fleet of spaceships and engage in intergalactic warfare. Players must strategically allocate resources, upgrade their ships, and plan tactical maneuvers to outsmart and defeat their opponents. The game offers a variety of space environments, spaceship types, and strategic challenges to test players",Strategy_Game
Battle_Plan,"Battle Plan is a strategy game software application that allows players to create and execute battle plans. It provides various scenarios and challenges for players to test their strategic skills, both in single-player and multiplayer modes.",Strategy_Game
Countdown_Timer,A software application that allows users to set a specific amount of time and countdown to zero.,Tools_Utilities
Batch_Image_Resizer,"The Batch Image Resizer is a software application that allows users to resize multiple images in bulk. Users can select a group of images from a specified directory and provide the desired dimensions for resizing. The software should support common image formats like JPEG, PNG, and GIF. It should also provide options for maintaining aspect ratio, applying a specific resize algorithm, and choosing the output directory for the resized images.",Tools_Utilities
Time_Tracker,"Time Tracker is a software application that helps users effectively track and manage their time. It provides features such as task creation, timers, and alarms to enhance productivity. With detailed reports, users gain insights into their time allocation, enabling them to identify areas for improvement. Time Tracker simplifies time management and aids in optimizing productivity.",Tools_Utilities
Traffic_Monitor,"Traffic Monitor is a transportation software application that provides real-time monitoring of traffic conditions in a given area. It displays live updates on the traffic flow, congestion, and accidents, allowing users to make informed decisions about their travel routes and avoid traffic jams.",Transportation
Traffic_Assistant,"Traffic Assistant is a transportation software application that provides real-time updates on traffic conditions and offers alternative routes to help users avoid congestion and reach their destinations faster. It utilizes a database of road networks and factors in variables such as traffic flow, accidents, and road quality to suggest the most efficient routes. The software also takes into account user preferences and can provide personalized recommendations based on historical traffic data.",Transportation
Navigation_Buddy,Navigation Buddy is a software application that provides real-time directions and navigation assistance based on the user,Transportation
Travel_Buddy_Lite,A simplified version of the Travel Buddy software that generates personalized travel itineraries based on user preferences.,Travel
Travel_Insights_Lite_Plus,"A simplified version of the Travel Insights software that provides users with valuable insights and trends about popular travel destinations. It also includes a feature to compare prices for flights, accommodations, and attractions, helping users find the best deals for their travel plans.",Travel
Travel_Planner,"A software application that helps users plan their travel itinerary efficiently and effectively. It allows users to input their desired travel destination, duration of stay, and interests. Based on this information, the Travel Planner suggests a personalized itinerary, including recommended attractions, activities, and accommodations. Users can customize the itinerary by adding or removing suggestions, and the planner will automatically adjust the schedule accordingly. The Travel Planner also provides additional information such as weather forecasts, transportation options, and estimated costs. By using algorithms and data visualization techniques, the Travel Planner not only simplifies the planning process but also improves the overall travel experience.",Travel
VideoCropper,A software application that allows users to easily crop and resize videos based on their desired dimensions and aspect ratio.,Video
Video_Analysis,A software that automatically analyzes the content of a video,Video
Video_Captioning,Automatically generate captions for videos,Video
